{"mean":{"confidence_interval":{"confidence_level":0.95,"lower_bound":3095047.0494444445,"upper_bound":3986149.2866388895},"point_estimate":3473120.2233333336,"standard_error":231315.42526617332},"median":{"confidence_interval":{"confidence_level":0.95,"lower_bound":2755805.5555555555,"upper_bound":3068143.5555555555},"point_estimate":2868638.8333333335,"standard_error":71169.45627382855},"median_abs_dev":{"confidence_interval":{"confidence_level":0.95,"lower_bound":378286.04221741366,"upper_bound":707265.4218435287},"point_estimate":528704.7875136137,"standard_error":80513.66075032034},"slope":null,"std_dev":{"confidence_interval":{"confidence_level":0.95,"lower_bound":861807.9186770004,"upper_bound":3631721.2938751066},"point_estimate":2319214.9937814507,"standard_error":796928.6451641662}}