{"mean":{"confidence_interval":{"confidence_level":0.95,"lower_bound":302650.74566015106,"upper_bound":311700.4196894811},"point_estimate":306288.93152506015,"standard_error":2401.5590521218764},"median":{"confidence_interval":{"confidence_level":0.95,"lower_bound":301661.4686195587,"upper_bound":303066.16610054346},"point_estimate":302668.62743506493,"standard_error":381.8560650882519},"median_abs_dev":{"confidence_interval":{"confidence_level":0.95,"lower_bound":1885.9237048442872,"upper_bound":3150.1567318921016},"point_estimate":2722.1189981934026,"standard_error":336.9403893147375},"slope":{"confidence_interval":{"confidence_level":0.95,"lower_bound":302494.909162084,"upper_bound":313597.1902898879},"point_estimate":306947.24922417616,"standard_error":2932.4884708055697},"std_dev":{"confidence_interval":{"confidence_level":0.95,"lower_bound":3163.518730373499,"upper_bound":39222.7186280549},"point_estimate":24270.00408572664,"standard_error":10044.400025603685}}